{
  "type": "FeatureCollection",
  "name": "ozvdata",
  "crs": { "type": "name", "properties": { "name": "urn:ogc:def:crs:OGC:1.3:CRS84" } },
  "features": [
  { "type": "Feature", "properties": { "id": 1, "fid": 1, "opis": "Ačdlač čd,afčls,fčdfsv,gdč g,dčfg,dčf,gčs,aćfasćd asćdlćasdlpšaerlpšewtgldthf,n ćčl,nćdgl ćdb.lćfn.-v. slgf,šsdflćs flćsčv,. xćč v,xćčv,ćsf lšdefl šase pflšscvlxćvčc,.ćf,.dbćdfb, ćčlb,čld,bčl,gbč,v,ćp wrešflpoqdkoa iwjdha uhdzuahfiusgjdghk jifoau hn ovjofbvm   goog koibm obmcgb mo movs mosdvmosdv  mos dvmods msodv ds vvfsdf!", "foto1": "https://mjestopodsuncem.synology.me/qgis2web/slike/DSCF8907.JPG", "foto2": "https://mjestopodsuncem.synology.me/qgis2web/slike/DSCF8908.JPG", "naziv": "Parcela 2" }, "geometry": { "type": "Polygon", "coordinates": [ [ [ 13.50615, 45.49885 ], [ 13.50476, 45.49874 ], [ 13.50482, 45.49898 ], [ 13.505, 45.4991 ], [ 13.5053, 45.49923 ], [ 13.50551, 45.49932 ], [ 13.5056, 45.49935 ], [ 13.50609, 45.49906 ], [ 13.50617, 45.49901 ], [ 13.50615, 45.49885 ] ] ] } },
  { "type": "Feature", "properties": { "id": 2, "fid": 2, "opis": "Ačdlač čd,afčls,fčdfsv,gdč g,dčfg,dčf,gčs,aćfasćd asćdlćasdlpšaerlpšewtgldthf,n ćčl,nćdgl ćdb.lćfn.-v. slgf,šsdflćs flćsčv,. xćč v,xćčv,ćsf lšdefl šase pflšscvlxćvčc,.ćf,.dbćdfb, ćčlb,čld,bčl,gbč,v,ćp wrešflpoqdkoa iwjdha uhdzuahfiusgjdghk jifoau hn ovjofbvm   goog koibm obmcgb mo movs mosdvmosdv  mos dvmods msodv ds vvfsdf!", "foto1": "https://mjestopodsuncem.synology.me/qgis2web/slike/DSCF8912.JPG", "foto2": "https://mjestopodsuncem.synology.me/qgis2web/slike/DSCF8911.JPG", "naziv": "Parcela 1" }, "geometry": { "type": "Polygon", "coordinates": [ [ [ 13.5058, 45.49954 ], [ 13.50584, 45.49966 ], [ 13.50605, 45.4997 ], [ 13.50616, 45.49975 ], [ 13.5062, 45.49985 ], [ 13.50672, 45.49983 ], [ 13.50687, 45.49977 ], [ 13.50691, 45.49964 ], [ 13.50697, 45.49949 ], [ 13.50699, 45.49937 ], [ 13.50685, 45.49927 ], [ 13.50665, 45.49926 ], [ 13.50643, 45.49924 ], [ 13.50627, 45.49923 ], [ 13.50619, 45.49924 ], [ 13.50611, 45.49929 ], [ 13.50601, 45.49939 ], [ 13.50594, 45.49955 ], [ 13.5058, 45.49954 ] ] ] } }
  ]
  }
  